Münchener Kommentar zum Bürgerlichen Gesetzbuch;https://beck-online.beck.de/Bcid/y-400-w-muekobgb;-
Münchener Kommentar zum Bürgerlichen Gesetzbuch: BGB;https://www.beck-shop.de/muenchener-kommentar-buergerlichen-gesetzbuch-bgb-gesamtwerk/product/31863413;€ 3.104,00 · ‎Vorbestellung
Münchener Kommentar zum Bürgerlichen Gesetzbuch Bd. ...;https://shop.manz.at/shop/products/9783406726132?q=Normtexte&filter=&includeAllPublishers=true&includeArchived=false&includeUnapproved=false;€ 333,10
Münchener Kommentar BGB;https://beck-online.beck.de/?vpath=bibdata%2Fkomm%2FMuekoBGB_9_Band1%2FBGB%2Fcont%2FMuekoBGB%2EBGB%2Ehtm;-
Münchener Kommentar zum Bürgerlichen ...;https://www.beck-shop.de/muenchener-kommentar-buergerlichen-gesetzbuch-band-1-allgemeiner-teil-1-240-allgpersoenlr-prostg-agg/product/31838148;€ 269,00 · ‎Auf Lager
Start - Muenchener Kommentar;https://www.muenchener-kommentar.de/;-
Münchener Kommentar zum Bürgerlichen Gesetzbuch ...;https://www.sack.de/saecker-rixecker-oetker-muenchener-kommentar-zum-buergerlichen-gesetzbuch-bgb-gesamtwerk;€ 3.522,00
Münchener Kommentar zum Bürgerlichen Gesetzbuch Bd. 1;https://shop.falter.at/detail/9783406766718/muenchener-kommentar-zum-buergerlichen-gesetzbuch-bd-1-allgemeiner-teil-1-240-allgpersoenlr-prostg-agg;€ 276,60
Münchener Kommentar zum Bürgerlichen Gesetzbuch;https://www.lehmanns.de/shop/recht-steuern/54819543-9783406766701-muenchener-kommentar-zum-buergerlichen-gesetzbuch;-
Münchener Kommentar zum Bürgerlichen Gesetzbuch Bd. 1;https://www.amazon.de/M%C3%BCnchener-Kommentar-B%C3%BCrgerlichen-Gesetzbuch-Auflage/dp/3406726011; Bewertung: 5 · ‎1 Rezension · ‎€ 202,99   Rezensionen werden von der Google Suche nicht überprüft
